season,week,reg_games,main_slate_games,early_1pm,late_4pm
2023,1,16,13,8,5
2023,2,16,12,8,4
2023,3,16,12,9,3
2023,4,16,12,9,3
2023,5,14,10,6,4
2023,6,15,11,7,4
2023,7,13,10,6,4
2023,8,16,13,9,4
2023,9,14,10,7,3
2023,10,14,10,6,4
2023,11,14,11,8,3
2023,12,16,10,6,4
2023,13,13,10,7,3
2023,14,15,11,7,4
2023,15,16,10,7,3
2023,16,16,9,6,3
2023,17,16,13,10,3
2023,18,16,13,6,7
2024,1,16,12,8,4
2024,2,16,13,10,3
2024,3,16,12,7,5
2024,4,16,12,8,4
2024,5,14,10,6,4
2024,6,14,10,6,4
2024,7,15,10,7,3
2024,8,16,13,8,5
2024,9,15,12,8,4
2024,10,14,10,7,3
2024,11,14,11,8,3
2024,12,13,10,7,3
2024,13,16,10,7,3
2024,14,13,10,7,3
2024,15,16,12,7,5
2024,16,16,11,7,4
2024,17,16,8,6,2
2024,18,16,13,8,5
2025,1,16,12,8,4
2025,2,16,12,9,3
2025,3,16,13,9,4
2025,4,16,11,7,4
2025,5,14,10,6,4
2025,6,15,10,7,3
2025,7,15,10,6,4
2025,8,13,10,7,3
2025,9,14,11,8,3
2025,10,14,10,7,3
2025,11,15,11,7,4
2025,12,14,11,7,4
2025,13,16,10,7,3
2025,14,14,11,8,3
2025,15,16,13,8,5
2025,16,16,11,7,4
2025,17,16,9,7,2
2025,18,16,13,6,7
2026,1,16,12,8,4
2026,2,16,13,8,5
2026,3,16,13,9,4
2026,4,16,12,8,4
2026,5,15,11,7,4
2026,6,14,10,7,3
2026,7,14,10,7,3
2026,8,14,11,8,3
2026,9,15,11,7,4
2026,10,14,10,7,3
2026,11,13,10,7,3
2026,12,16,9,6,3
2026,13,14,11,7,4
2026,14,15,12,8,4
2026,15,16,11,8,3
2026,16,16,10,8,2
2026,17,16,13,11,2
2026,18,16,16,16,0
